the,421
"",304
to,259
and,256
a,215
of,185
he,167
that,142
his,126
was,116
in,116
you,101
Jonathan,98
I,92
for,74
it,74
at,66
had,62
t,60
He,59
is,58
s,58
as,56
with,56
The,56
on,53
be,52
from,49
they,49
Flock,45
said,45
one,43
were,40
we,39
fly,39
Seagull,38
time,38
all,37
them,34
can,34
have,34
gulls,34
more,34
Fletcher,33
but,32
him,31
so,31
not,31
into,30
are,29
this,29
wings,29
there,29
It,28
thought,28
no,28
gull,27
thousand,27
what,27
speed,27
You,27
feet,26
out,25
than,25
like,25
Gull,24
hour,24
now,24
learn,24
flying,24
just,23
hundred,22
an,22
And,22
day,21
who,21
miles,21
your,21
or,20
then,20
moment,19
about,19
re,19
much,19
through,19
been,18
flight,18
came,18
We,18
They,18
very,18
again,18
But,18
learned,18
know,18
Livingston,18
could,18
per,18
see,18
by,18
go,17
two,17
air,17
do,17
would,17
other,16
himself,16
way,16
Chiang,15
flew,15
here,15
how,15
eyes,15
their,15
if,15
seagull,15
Outcast,15
don,15
wind,14
down,14
students,14
only,14
A,14
ll,13
voice,13
life,13
new,13
place,13
another,13
back,13
last,12
world,12
There,12
want,12
Why,12
me,12
body,12
first,12
Elder,12
What,12
understand,12
heaven,12
where,12
dive,11
long,11
night,11
still,11
any,11
will,11
when,11
across,11
bird,11
wing,11
sea,11
being,11
away,10
right,10
never,10
His,10
feathers,10
level,10
am,10
sand,10
over,10
think,10
after,10
most,10
instructor,10
Jon,10
begin,10
left,10
practice,10
water,10
once,10
hard,10
ve,10
Then,10
beach,10
m,10
If,10
high,9
dark,9
well,9
little,9
d,9
birds,9
same,9
our,9
come,9
get,9
toward,9
perfect,9
sky,9
above,9
idea,9
nothing,9
began,9
didn,9
did,9
Great,9
must,9
up,9
every,9
need,8
went,8
When,8
us,8
Earth,8
turned,8
make,8
love,8
own,8
Sullivan,8
old,8
felt,8
curve,8
alone,8
control,8
before,8
In,8
try,8
course,8
For,8
roll,8
great,8
show,8
stood,8
which,8
wingtip,7
found,7
my,7
low,7
Law,7
too,7
practicing,7
looked,7
few,7
freedom,7
morning,7
ever,7
strange,7
learning,7
young,7
feather,7
ten,7
lives,7
though,7
shore,7
say,7
days,7
formation,7
wingtips,7
By,7
meant,7
help,7
ahead,7
limits,6
some,6
without,6
How,6
Fletch,6
One,6
inch,6
slowly,6
its,6
free,6
Well,6
tried,6
fast,6
even,6
has,6
single,6
past,6
years,6
kind,6
short,6
vanished,6
home,6
Lynd,6
might,6
higher,6
ground,6
off,6
around,6
perfection,6
To,6
each,6
far,6
whole,6
wish,6
slow,6
couldn,6
smooth,5
lived,5
straight,5
true,5
point,5
stop,5
asked,5
something,5
spoke,5
vertical,5
closed,5
Son,5
until,5
fighting,5
four,5
As,5
why,5
upon,5
real,5
aside,5
fishing,5
fish,5
thing,5
moving,5
joy,5
fifty,5
food,5
eight,5
No,5
saying,5
made,5
instant,5
fell,5
seen,5
inverted,5
saw,5
ready,5
Where,5
working,5
crowd,5
half,5
That,5
happened,5
next,5
Far,5
along,5
Cliffs,5
longer,5
gone,5
sunrise,5
knew,5
Don,5
nature,5
month,4
sighed,4
seventy,4
stall,4
isn,4
loop,4
seagulls,4
slowed,4
standing,4
ocean,4
Here,4
eat,4
loved,4
quite,4
head,4
reason,4
later,4
Now,4
tired,4
Maynard,4
instead,4
times,4
pulled,4
directly,4
effort,4
From,4
circle,4
limited,4
Are,4
start,4
word,4
forty,4
fear,4
blurred,4
thinking,4
under,4
bright,4
This,4
boat,4
light,4
together,4
space,4
Stand,4
overcome,4
five,4
spin,4
enough,4
passed,4
shame,4
Let,4
end,4
less,4
really,4
fun,4
find,4
nearly,4
truth,4
Heaven,4
brilliant,4
stay,4
Good,4
sorry,4
unlimited,4
these,4
beyond,4
boats,4
sleep,4
else,4
till,4
doing,4
Center,4
took,4
known,4
mile,4
surface,4
moved,4
Breakfast,4
At,4
itself,4
against,4
living,4
Council,4
put,4
limit,4
ninety,4
work,4
begun,4
power,4
always,4
bone,3
dead,3
going,3
flocked,3
rolled,3
three,3
self,3
Breakthrough,3
welcome,3
performance,3
Can,3
twice,3
quiet,3
stretched,3
smiled,3
ordinary,3
lead,3
highest,3
fight,3
My,3
tremendous,3
travel,3
themselves,3
got,3
believe,3
done,3
won,3
none,3
proud,3
glowed,3
streamlined,3
roaring,3
country,3
mob,3
million,3
form,3
climbed,3
set,3
New,3
spent,3
death,3
pretty,3
dropped,3
already,3
ideas,3
sounded,3
ourselves,3
almost,3
Iowa,3
answer,3
Seagulls,3
watched,3
better,3
leading,3
remembered,3
worked,3
stand,3
touched,3
So,3
changed,3
lifted,3
man,3
pure,3
failure,3
best,3
flashing,3
eating,3
cliff,3
blazing,3
full,3
lift,3
flies,3
needed,3
gray,3
hit,3
falcon,3
good,3
keep,3
such,3
look,3
land,3
discover,3
trick,3
forth,3
let,3
tightly,3
top,3
divine,3
special,3
break,3
touch,3
opened,3
startled,3
beak,3
alive,3
Mr,3
within,3
gentle,3
others,3
seconds,3
held,3
flapping,3
while,3
Beach,3
below,3
sound,3
wanted,3
does,3
reach,3
FLY,3
trying,3
coming,3
faster,3
younger,3
words,3
aerobatics,3
many,3
knowing,3
Those,3
twenty,3
delight,3
Sully,3
care,3
brothers,3
meaning,3
face,3
upstroke,3
white,3
telling,3
cloud,3
should,3
demonstrating,3
remember,3
thin,3
take,3
hold,3
Part,3
behind,2
flapped,2
listened,2
entry,2
shut,2
minute,2
glides,2
son,2
bye,2
Level,2
promises,2
sharp,2
blue,2
rest,2
bring,2
1928,2
aren,2
six,2
Ionathan,2
quickly,2
friend,2
sun,2
asleep,2
Me,2
Is,2
refused,2
appeared,2
Henry,2
everywhere,2
snap,2
obviously,2
weight,2
building,2
forgotten,2
maybe,2
bread,2
Short,2
smile,2
With,2
inside,2
fierce,2
sixteen,2
fourteen,2
Himself,2
landed,2
selling,2
live,2
question,2
lesson,2
shook,2
cry,2
Charles,2
chance,2
die,2
faith,2
happy,2
test,2
calling,2
shock,2
sees,2
discovered,2
July,2
inspired,2
return,2
forewings,2
effortlessly,2
understanding,2
Without,2
change,2
among,2
landings,2
because,2
anything,2
burst,2
Bach,2
loud,2
important,2
sunset,2
clouds,2
Come,2
call,2
limitation,2
Roland,2
dismayed,2
victory,2
pay,2
anybody,2
evening,2
backs,2
rather,2
ability,2
speeds,2
fire,2
law,2
feel,2
flocks,2
struggling,2
devil,2
works,2
Very,2
feathered,2
folded,2
Instead,2
Am,2
waves,2
ceremony,2
excellence,2
purpose,2
week,2
tiny,2
lost,2
Wind,2
beating,2
curious,2
speaking,2
trembling,2
ride,2
DEVIL,2
wild,2
Yet,2
sake,2
easy,2
exactly,2
difficult,2
unknown,2
rule,2
god,2
beaks,2
gliding,2
yet,2
pullup,2
flown,2
nodded,2
chains,2
father,2
Flight,2
talking,2
prove,2
brains,2
pressing,2
spite,2
mother,2
disappear,2
price,2
skill,2
steep,2
tenth,2
O,2
Kirk,2
Look,2
broken,2
possibly,2
manage,2
limitations,2
empty,2
charts,2
squawks,2
parents,2
eye,2
Lowell,2
wasn,2
things,2
hurt,2
quick,2
disaster,2
finally,2
age,2
rolling,2
terribly,2
glory,2
practiced,2
extended,2
lights,2
Remember,2
edge,2
thousands,2
study,2
snapped,2
farthest,2
ties,2
black,2
York,2
speaks,2
forget,2
pullout,2
sure,2
Practice,2
quietly,2
flat,2
forgot,2
peaceful,2
golden,2
pushed,2
difference,2
forgetting,2
smoothly,2
doesn,2
hungry,2
peak,2
moonlight,2
K,2
Oh,2
twelve,2
moon,2
Yes,2
ago,2
reversing,2
everything,2
group,2
velocity,2
wonder,2
kindness,2
outside,2
beginning,2
All,2
yourself,2
finding,2
double,2
liked,2
Help,2
irresponsibility,2
shoreline,2
swept,2
wrong,2
record,2
Most,2
image,2
blinked,2
flock,2
indeed,2
recovered,2
giant,2
returned,2
wingspan,2
fiercely,2
grew,2
mean,2
Of,2
number,2
shimmering,2
meet,2
intoned,2
Calvin,2
crazy,2
solid,2
calm,2
turn,2
matter,2
storm,2
lessons,2
strong,2
bit,2
listen,2
leave,2
brighter,2
hollow,2
force,2
spread,2
silent,2
Climb,2
center,2
anywhere,2
move,2
stalled,2
kindly,2
gifted,2
soon,2
scorn,2
points,2
instance,2
lonely,2
student,2
magnificent,2
flap,2
ears,2
race,2
path,2
today,2
glide,2
abruptly,2
landing,2
screes,2
promise,2
appear,2
Richard,2
stopped,2
slowing,2
growing,2
silver,2
ones,2
rock,2
Mountain,2
Your,2
dropping,2
Martin,2
became,2
miss,1
mattered,1
someone,1
Because,1
shot,1
topped,1
Dark,1
stumbled,1
eased,1
order,1
pleasant,1
flier,1
WORKS,1
breath,1
stayed,1
triple,1
pilot,1
diamond,1
tips,1
Collision,1
knack,1
alert,1
brief,1
ended,1
completing,1
silently,1
plotted,1
dust,1
dizzy,1
midnight,1
dine,1
leftwing,1
fidgeted,1
WANT,1
sheets,1
Terminal,1
class,1
wet,1
looks,1
owl,1
severe,1
gold,1
fine,1
pacing,1
bother,1
Think,1
brotherhood,1
places,1
skills,1
obliged,1
yours,1
breaks,1
altitude,1
whipstall,1
nineteen,1
anchovy,1
painfully,1
blast,1
solituile,1
Instantly,1
injustice,1
disappointed,1
caught,1
critique,1
dozen,1
leaves,1
streaking,1
reached,1
Touched,1
dignity,1
blink,1
whisper,1
telepathy,1
transparent,1
roused,1
fiction,1
second,1
ofairspeed,1
finds,1
tackle,1
society,1
apart,1
leaders,1
enter,1
hostile,1
79,1
accept,1
centered,1
cut,1
rumors,1
foolish,1
hundredth,1
Shame,1
friendship,1
strained,1
magniflcent,1
tumbling,1
Haven,1
fury,1
squawking,1
Centered,1
sparkled,1
grateful,1
scorching,1
open,1
nowhere,1
maximum,1
business,1
wished,1
pressuring,1
flash,1
empowered,1
precision,1
cannonball,1
meteor,1
blown,1
scree,1
cold,1
critically,1
finished,1
harmony,1
instantly,1
forgive,1
violently,1
Air,1
twin,1
line,1
unwritten,1
simple,1
happen,1
testing,1
however,1
puzzled,1
throwing,1
met,1
outstretched,1
sliding,1
ignorance,1
races,1
churning,1
late,1
suggesting,1
matters,1
Outlaw,1
dumb,1
Cleveland,1
lightning,1
somehow,1
failing,1
program,1
earth,1
harsh,1
amazed,1
direcfly,1
beauty,1
sunlight,1
confusion,1
notice,1
shall,1
scrabbled,1
Fletchers,1
using,1
vision,1
cross,1
denies,1
slightly,1
sport,1
subject,1
details,1
powerful,1
910,1
sorrow,1
dazzled,1
feeling,1
Get,1
argue,1
Three,1
hear,1
shouted,1
youngster,1
frightened,1
midair,1
huddled,1
brickhard,1
Firm,1
plain,1
terminal,1
constant,1
Last,1
heavier,1
advanced,1
Seventy,1
knees,1
fraction,1
worse,1
lightest,1
bitter,1
plane,1
thoughts,1
experience,1
Johnny,1
decision,1
sights,1
died,1
wry,1
jagged,1
whipping,1
bits,1
Life,1
close,1
able,1
Wavelle,1
l,1
swung,1
holds,1
speak,1
Learn,1
nearing,1
deep,1
gor,1
Hey,1
novel,1
school,1
unkindly,1
misunderstood,1
planet,1
sweeping,1
sad,1
Sunday,1
unashamed,1
pain,1
sort,1
creatures,1
scraps,1
banished,1
evil,1
swallowed,1
13,1
gained,1
spending,1
Pompano,1
Des,1
patiently,1
granite,1
mice,1
forgettiug,1
laughed,1
jast,1
newcomer,1
Lee,1
trapped,1
overhead,1
faintest,1
hugged,1
inland,1
After,1
starlight,1
getting,1
striving,1
locked,1
pinwheel,1
kill,1
spoken,1
upside,1
spend,1
battle,1
responsible,1
yellow,1
H,1
courage,1
slogging,1
honestly,1
thirds,1
unknowable,1
wavered,1
twisted,1
honor,1
scene,1
Terrence,1
GMT,1
grockles,1
inner,1
walked,1
shriek,1
near,1
means,1
deliberately,1
eager,1
circled,1
heard,1
fourtee,1
disgrace,1
rate,1
Forgive,1
rolls,1
crack,1
Honor,1
hatred,1
skillful,1
waited,1
poor,1
tradition,1
raised,1
drive,1
fashion,1
unstable,1
recovering,1
driven,1
inches,1
narrowed,1
fool,1
20,1
principle,1
Even,1
horizons,1
streak,1
star,1
dragged,1
Eyes,1
idolize,1
agreed,1
harder,1
Poor,1
simply,1
fastest,1
chaos,1
uneasily,1
polished,1
barnstorming,1
careful,1
solemn,1
warning,1
hummed,1
adept,1
join,1
Set,1
roar,1
Overcome,1
fired,1
whatever,1
follows,1
reckless,1
aback,1
door,1
stalling,1
dryly,1
offshore,1
session,1
Brotherhood,1
marked,1
Just,1
apparently,1
setting,1
Los,1
step,1
lowered,1
clamor,1
accord,1
Who,1
ruffled,1
history,1
proverb,1
whose,1
falter,1
survival,1
fright,1
heavily,1
1933,1
Times,1
board,1
guiltless,1
chart,1
airborne,1
motes,1
Word,1
Return,1
talk,1
Outcasts,1
gives,1
hoped,1
Low,1
seashore,1
expressing,1
breakthrough,1
ragged,1
kept,1
according,1
15,1
hardly,1
structor,1
Still,1
1973,1
width,1
fact,1
reproach,1
push,1
bars,1
beacon,1
realized,1
mass,1
embarrassment,1
noticed,1
adrift,1
rain,1
monster,1
Family,1
predictions,1
mind,1
nine,1
meaningless,1
wobbling,1
flicker,1
aeronautics,1
ease,1
faded,1
exhorting,1
bigday,1
suddenly,1
dishonor,1
usual,1
since,1
goes,1
paid,1
analyze,1
barrel,1
destroy,1
saving,1
wake,1
drug,1
enfeebled,1
savagely,1
spot,1
starbright,1
faint,1
grounds,1
CAN,1
conquered,1
miserably,1
caring,1
2,1
Ignore,1
Happy,1
mad,1
boredom,1
followed,1
attention,1
Oct,1
Advanced,1
shoulder,1
Two,1
thirty,1
rare,1
Judy,1
rowboat,1
Away,1
assembled,1
wall,1
length,1
hey,1
Careful,1
Sun,1
True,1
weak,1
convince,1
chummed,1
obediently,1
listening,1
told,1
sharply,1
vows,1
flawless,1
weights,1
conquer,1
silence,1
everywhen,1
dragging,1
looking,1
firing,1
exploded,1
book,1
part,1
shape,1
different,1
updrafts,1
eleven,1
JONATHAN,1
bad,1
strength,1
stops,1
pass,1
larger,1
shifted,1
middle,1
remembering,1
returns,1
roils,1
seven,1
concentrating,1
position,1
wasting,1
totally,1
splash,1
stands,1
Besides,1
panting,1
evenings,1
object,1
crossed,1
Gray,1
forced,1
demanding,1
busy,1
twist,1
labeled,1
bottom,1
give,1
except,1
10,1
invisible,1
139,1
running,1
understood,1
teach,1
Gulls,1
green,1
Perhaps,1
hadn,1
Everything,1
months,1
press,1
Impossible,1
Sure,1
answered,1
mlles,1
Before,1
collapse,1
throughout,1
rose,1
TO,1
Full,1
twinkling,1
Give,1
See,1
mom,1
cried,1
unimpressed,1
seeing,1
Fla,1
anger,1
everyone,1
east,1
blind,1
pewer,1
delicate,1
beloved,1
area,1
Also,1
dives,1
elements,1
sank,1
vowed,1
stable,1
heads,1
thir,1
exhausted,1
flick,1
3,1
escorts,1
worlds,1
Like,1
Ijust,1
foremost,1
gamely,1
breaking,1
furtive,1
dying,1
resolutions,1
theselast,1
surprised,1
thudding,1
future,1
Brought,1
Each,1
casting,1
choose,1
covering,1
needs,1
awaited,1
angled,1
Moines,1
winds,1
glow,1
formed,1
concentration,1
Gradually,1
happens,1
Utterly,1
millisecond,1
watching,1
plunged,1
Scagull,1
glazed,1
Gathering,1
called,1
dodge,1
glided,1
arrived,1
behindit,1
brought,1
silly,1
daybreak,1
Flying,1
lovely,1
Listen,1
darkness,1
certainly,1
Every,1
wouldn,1
circling,1
eighth,1
clear,1
Stay,1
destroyed,1
rooted,1
Ahead,1
swift,1
stretching,1
ask,1
rage,1
strain,1
brushed,1
dripping,1
distant,1
Airport,1
onward,1
properly,1
tumbled,1
killed,1
daggers,1
slammed,1
altitudes,1
friendly,1
fellow,1
wondering,1
ball,1
webbed,1
gently,1
crumb,1
hoping,1
side,1
also,1
aaakk,1
whether,1
melted,1
Forget,1
happier,1
Boats,1
relaxed,1
base,1
Winter,1
suppose,1
rejoiced,1
leads,1
pointless,1
Ten,1
simplest,1
faced,1
shreds,1
anguish,1
sixty,1
turning,1
save,1
sagged,1
surroundings,1
Florida,1
specks,1
knife,1
swimming,1
those,1
easier,1
unfolded,1
share,1
sunup,1
theirs,1
wife,1
key,1
afraid,1
insects,1
sisters,1
slide,1
fed,1
normal,1
43,1
quizzically,1
outfly,1
slits,1
gigatitic,1
piers,1
pelicans,1
content,1
wishing,1
used,1
rough,1
stone,1
diving,1
determined,1
23,1
Ah,1
drab,1
tomorrow,1
angle,1
Do,1
wizard,1
dazzling,1
horizon,1
sessions,1
shined,1
cracked,1
experimenting,1
twisting,1
broke,1
during,1
Speed,1
breadcrumb,1
precise,1
flashed,1
hardest,1
crashing,1
ritIe,1
supposed,1
Standiug,1
leader,1
wearily,1
alarm,1
condemned,1
Beyond,1
Elders,1
violating,1
newcomers,1
waiting,1
modified,1
trees,1
reasons,1
joined,1
helping,1
narrow,1
More,1
stale,1
alhatross,1
delightedly,1
superstition,1
cast,1
former,1
loops,1
cartwheel,1
trails,1
popular,1
headed,1
hunger,1
started,1
fogs,1
blurring,1
computer,1
alreadv,1
faltered,1
nervously,1
insanity,1
gracks,1
creature,1
Couldn,1
lighted,1
overlapping,1
touchdown,1
congratulations,1
Would,1
hundreds,1
folding,1
Angeles,1
taken,1
skies,1
ripples,1
29,1
heavy,1
name,1
exciting,1
multitude,1
consciously,1
questions,1
William,1
choice,1
twenties,1
Tell,1
sight,1
west,1
stepped,1
facts,1
thirteen,1
brand,1
hand,1
curiously,1
lying,1
respectful,1
guil,1
awe,1
Break,1
wheeling,1
spared,1
1974,1
softly,1
YES,1
falling,1
Time,1
gradually,1
Fortune,1
closely,1
consciousness,1
treated,1
Guard,1
harshly,1
stunned,1
challenge,1
bunt,1
9,1
barely,1
stupid,1
hours,1
Likewise,1
gave,1
behave,1
2005,1
everybody,1
Home,1
Hm,1
trembled,1
forward,1
enjoy,1
backward,1
asking,1
An,1
lightly,1
making,1
smashed,1
direction,1
IT,1
guiding,1
avoid,1
greatest,1
solemnly,1
breeze,1
pilots,1
foolishness,1
north,1
floated,1
carefully,1
screeching,1
loving,1
uncontrolled,1
tasty,1
mist,1
schooled,1
terrible,1
expect,1
outer,1
triumph,1
ticking,1
dynamite,1
solitary,1
suns,1
Irresponsibility,1
beautiful,1
doubrful,1
John,1
painful,1
tilting,1
honors,1
depends,1
born,1
cliffs,1
mosquito,1
feebly,1
beneath,1
upward,1
lot,1
hell,1
intelligence,1
obey,1
featliers,1
everyday,1
chasing,1
radiant,1
Such,1
fold,1
smiling,1
faintly,1
memory,1
scream,1
fading,1
ritual,1
tell,1
rested,1
Perfect,1
eyed,1
closing,1
